[{"model": "admin.logentry", "pk": 1, "fields": {"action_time": "2021-11-01T20:21:24.696Z", "user": 1, "content_type": 9, "object_id": "6", "object_repr": "images/808.jpg", "action_flag": 2, "change_message": "[{\"changed\": {\"fields\": [\"Description\", \"Microscopy\", \"Cell type\", \"Component\", \"Doi\", \"Organism\"]}}]"}}, {"model": "admin.logentry", "pk": 2, "fields": {"action_time": "2021-11-01T20:22:16.489Z", "user": 1, "content_type": 9, "object_id": "5", "object_repr": "images/1153_RRQKyol.jpg", "action_flag": 2, "change_message": "[{\"changed\": {\"fields\": [\"Description\", \"Microscopy\", \"Cell type\", \"Component\", \"Doi\", \"Organism\"]}}]"}}, {"model": "admin.logentry", "pk": 3, "fields": {"action_time": "2021-11-01T20:23:05.971Z", "user": 1, "content_type": 9, "object_id": "4", "object_repr": "images/221_blyOeBG.jpg", "action_flag": 2, "change_message": "[{\"changed\": {\"fields\": [\"Description\", \"Microscopy\", \"Cell type\", \"Doi\", \"Organism\"]}}]"}}, {"model": "admin.logentry", "pk": 4, "fields": {"action_time": "2021-11-01T20:23:48.313Z", "user": 1, "content_type": 9, "object_id": "3", "object_repr": "images/219_qdZtdYw.jpg", "action_flag": 2, "change_message": "[{\"changed\": {\"fields\": [\"Description\", \"Microscopy\", \"Cell type\", \"Component\", \"Doi\", \"Organism\"]}}]"}}, {"model": "admin.logentry", "pk": 5, "fields": {"action_time": "2021-11-01T20:25:29.427Z", "user": 1, "content_type": 9, "object_id": "2", "object_repr": "images/215.jpg", "action_flag": 2, "change_message": "[{\"changed\": {\"fields\": [\"Description\", \"Microscopy\", \"Cell type\", \"Doi\", \"Organism\"]}}]"}}, {"model": "admin.logentry", "pk": 6, "fields": {"action_time": "2021-11-01T20:25:59.954Z", "user": 1, "content_type": 9, "object_id": "1", "object_repr": "images/187_i7e5U9v.jpg", "action_flag": 2, "change_message": "[{\"changed\": {\"fields\": [\"Description\", \"Microscopy\", \"Cell type\", \"Component\", \"Doi\", \"Organism\"]}}]"}}, {"model": "admin.logentry", "pk": 7, "fields": {"action_time": "2021-11-06T11:42:48.269Z", "user": 1, "content_type": 7, "object_id": "2", "object_repr": "Find the common features-Find the common features between the images", "action_flag": 1, "change_message": "[{\"added\": {}}]"}}, {"model": "admin.logentry", "pk": 8, "fields": {"action_time": "2021-11-06T11:44:36.010Z", "user": 1, "content_type": 7, "object_id": "2", "object_repr": "Find the common features-component", "action_flag": 2, "change_message": "[{\"changed\": {\"fields\": [\"Topic\"]}}]"}}, {"model": "admin.logentry", "pk": 9, "fields": {"action_time": "2021-11-06T12:05:10.138Z", "user": 1, "content_type": 8, "object_id": "3", "object_repr": "Which feature is common between the images ?", "action_flag": 1, "change_message": "[{\"added\": {}}, {\"added\": {\"name\": \"images\", \"object\": \"images/9850.jpg\"}}, {\"added\": {\"name\": \"images\", \"object\": \"images/2871.jpg\"}}, {\"added\": {\"name\": \"images\", \"object\": \"images/9905.jpg\"}}, {\"added\": {\"name\": \"answer\", \"object\": \"question: Which feature is common between the images ?, answer: pollen wall, correct: False\"}}, {\"added\": {\"name\": \"answer\", \"object\": \"question: Which feature is common between the images ?, answer: dendrite, correct: False\"}}, {\"added\": {\"name\": \"answer\", \"object\": \"question: Which feature is common between the images ?, answer: axoneme, correct: True\"}}, {\"added\": {\"name\": \"answer\", \"object\": \"question: Which feature is common between the images ?, answer: endoplasmic reticulum, correct: False\"}}]"}}, {"model": "admin.logentry", "pk": 10, "fields": {"action_time": "2021-11-06T12:18:36.509Z", "user": 1, "content_type": 7, "object_id": "2", "object_repr": "Find the common features-component", "action_flag": 2, "change_message": "[{\"changed\": {\"fields\": [\"Number of questions\", \"Number of images\"]}}]"}}, {"model": "admin.logentry", "pk": 11, "fields": {"action_time": "2021-11-06T12:23:17.356Z", "user": 1, "content_type": 8, "object_id": "4", "object_repr": "Which feature is also common between the images ?", "action_flag": 1, "change_message": "[{\"added\": {}}, {\"added\": {\"name\": \"images\", \"object\": \"images/2959.jpg\"}}, {\"added\": {\"name\": \"images\", \"object\": \"images/220_Ahkw17s.jpg\"}}, {\"added\": {\"name\": \"images\", \"object\": \"images/38918.jpg\"}}, {\"added\": {\"name\": \"answer\", \"object\": \"question: Which feature is also common between the images ?, answer: mitochondrion, correct: False\"}}, {\"added\": {\"name\": \"answer\", \"object\": \"question: Which feature is also common between the images ?, answer: dendrite, correct: False\"}}, {\"added\": {\"name\": \"answer\", \"object\": \"question: Which feature is also common between the images ?, answer: desmosome, correct: False\"}}, {\"added\": {\"name\": \"answer\", \"object\": \"question: Which feature is also common between the images ?, answer: endoplasmic reticulum, correct: False\"}}]"}}, {"model": "admin.logentry", "pk": 12, "fields": {"action_time": "2021-11-06T12:23:28.987Z", "user": 1, "content_type": 7, "object_id": "2", "object_repr": "Find the common features-component", "action_flag": 2, "change_message": "[{\"changed\": {\"fields\": [\"Number of questions\", \"Number of images\"]}}]"}}, {"model": "admin.logentry", "pk": 13, "fields": {"action_time": "2021-11-06T13:00:51.268Z", "user": 1, "content_type": 8, "object_id": "4", "object_repr": "Which feature is also common between the images ?", "action_flag": 2, "change_message": "[{\"changed\": {\"name\": \"answer\", \"object\": \"question: Which feature is also common between the images ?, answer: endoplasmic reticulum, correct: True\", \"fields\": [\"Correct\"]}}]"}}, {"model": "admin.logentry", "pk": 14, "fields": {"action_time": "2021-11-08T13:32:47.349Z", "user": 1, "content_type": 7, "object_id": "1", "object_repr": "Types of microscopy-microscopy", "action_flag": 2, "change_message": "[{\"changed\": {\"fields\": [\"Number of questions\"]}}]"}}, {"model": "auth.permission", "pk": 1, "fields": {"name": "Can add log entry", "content_type": 1, "codename": "add_logentry"}}, {"model": "auth.permission", "pk": 2, "fields": {"name": "Can change log entry", "content_type": 1, "codename": "change_logentry"}}, {"model": "auth.permission", "pk": 3, "fields": {"name": "Can delete log entry", "content_type": 1, "codename": "delete_logentry"}}, {"model": "auth.permission", "pk": 4, "fields": {"name": "Can view log entry", "content_type": 1, "codename": "view_logentry"}}, {"model": "auth.permission", "pk": 5, "fields": {"name": "Can add permission", "content_type": 2, "codename": "add_permission"}}, {"model": "auth.permission", "pk": 6, "fields": {"name": "Can change permission", "content_type": 2, "codename": "change_permission"}}, {"model": "auth.permission", "pk": 7, "fields": {"name": "Can delete permission", "content_type": 2, "codename": "delete_permission"}}, {"model": "auth.permission", "pk": 8, "fields": {"name": "Can view permission", "content_type": 2, "codename": "view_permission"}}, {"model": "auth.permission", "pk": 9, "fields": {"name": "Can add group", "content_type": 3, "codename": "add_group"}}, {"model": "auth.permission", "pk": 10, "fields": {"name": "Can change group", "content_type": 3, "codename": "change_group"}}, {"model": "auth.permission", "pk": 11, "fields": {"name": "Can delete group", "content_type": 3, "codename": "delete_group"}}, {"model": "auth.permission", "pk": 12, "fields": {"name": "Can view group", "content_type": 3, "codename": "view_group"}}, {"model": "auth.permission", "pk": 13, "fields": {"name": "Can add user", "content_type": 4, "codename": "add_user"}}, {"model": "auth.permission", "pk": 14, "fields": {"name": "Can change user", "content_type": 4, "codename": "change_user"}}, {"model": "auth.permission", "pk": 15, "fields": {"name": "Can delete user", "content_type": 4, "codename": "delete_user"}}, {"model": "auth.permission", "pk": 16, "fields": {"name": "Can view user", "content_type": 4, "codename": "view_user"}}, {"model": "auth.permission", "pk": 17, "fields": {"name": "Can add content type", "content_type": 5, "codename": "add_contenttype"}}, {"model": "auth.permission", "pk": 18, "fields": {"name": "Can change content type", "content_type": 5, "codename": "change_contenttype"}}, {"model": "auth.permission", "pk": 19, "fields": {"name": "Can delete content type", "content_type": 5, "codename": "delete_contenttype"}}, {"model": "auth.permission", "pk": 20, "fields": {"name": "Can view content type", "content_type": 5, "codename": "view_contenttype"}}, {"model": "auth.permission", "pk": 21, "fields": {"name": "Can add session", "content_type": 6, "codename": "add_session"}}, {"model": "auth.permission", "pk": 22, "fields": {"name": "Can change session", "content_type": 6, "codename": "change_session"}}, {"model": "auth.permission", "pk": 23, "fields": {"name": "Can delete session", "content_type": 6, "codename": "delete_session"}}, {"model": "auth.permission", "pk": 24, "fields": {"name": "Can view session", "content_type": 6, "codename": "view_session"}}, {"model": "auth.permission", "pk": 25, "fields": {"name": "Can add quiz", "content_type": 7, "codename": "add_quiz"}}, {"model": "auth.permission", "pk": 26, "fields": {"name": "Can change quiz", "content_type": 7, "codename": "change_quiz"}}, {"model": "auth.permission", "pk": 27, "fields": {"name": "Can delete quiz", "content_type": 7, "codename": "delete_quiz"}}, {"model": "auth.permission", "pk": 28, "fields": {"name": "Can view quiz", "content_type": 7, "codename": "view_quiz"}}, {"model": "auth.permission", "pk": 29, "fields": {"name": "Can add question", "content_type": 8, "codename": "add_question"}}, {"model": "auth.permission", "pk": 30, "fields": {"name": "Can change question", "content_type": 8, "codename": "change_question"}}, {"model": "auth.permission", "pk": 31, "fields": {"name": "Can delete question", "content_type": 8, "codename": "delete_question"}}, {"model": "auth.permission", "pk": 32, "fields": {"name": "Can view question", "content_type": 8, "codename": "view_question"}}, {"model": "auth.permission", "pk": 33, "fields": {"name": "Can add images", "content_type": 9, "codename": "add_images"}}, {"model": "auth.permission", "pk": 34, "fields": {"name": "Can change images", "content_type": 9, "codename": "change_images"}}, {"model": "auth.permission", "pk": 35, "fields": {"name": "Can delete images", "content_type": 9, "codename": "delete_images"}}, {"model": "auth.permission", "pk": 36, "fields": {"name": "Can view images", "content_type": 9, "codename": "view_images"}}, {"model": "auth.permission", "pk": 37, "fields": {"name": "Can add answer", "content_type": 10, "codename": "add_answer"}}, {"model": "auth.permission", "pk": 38, "fields": {"name": "Can change answer", "content_type": 10, "codename": "change_answer"}}, {"model": "auth.permission", "pk": 39, "fields": {"name": "Can delete answer", "content_type": 10, "codename": "delete_answer"}}, {"model": "auth.permission", "pk": 40, "fields": {"name": "Can view answer", "content_type": 10, "codename": "view_answer"}}, {"model": "auth.permission", "pk": 41, "fields": {"name": "Can add score", "content_type": 11, "codename": "add_score"}}, {"model": "auth.permission", "pk": 42, "fields": {"name": "Can change score", "content_type": 11, "codename": "change_score"}}, {"model": "auth.permission", "pk": 43, "fields": {"name": "Can delete score", "content_type": 11, "codename": "delete_score"}}, {"model": "auth.permission", "pk": 44, "fields": {"name": "Can view score", "content_type": 11, "codename": "view_score"}}, {"model": "auth.user", "pk": 1, "fields": {"password": "pbkdf2_sha256$260000$RzK54WTPItExNbw6q5Fyzk$w6Bc+8SRzspfxTc7vAvJjI/CnD8VuaH31Ke7rT70o2Y=", "last_login": "2021-11-12T07:51:53.227Z", "is_superuser": true, "username": "admin", "first_name": "", "last_name": "", "email": "ad@ad.com", "is_staff": true, "is_active": true, "date_joined": "2021-11-01T20:06:55.732Z", "groups": [], "user_permissions": []}}, {"model": "auth.user", "pk": 2, "fields": {"password": "pbkdf2_sha256$260000$KqkAWBqcX736HfAQo8NN8K$HPCKExCct/cg50e/rnZDhOf6lvjX5szxbNFtoMVmEjg=", "last_login": "2021-11-01T22:42:34.310Z", "is_superuser": false, "username": "Leonardo", "first_name": "leo", "last_name": "mira", "email": "mirandolaleonardo1999@gmail.com", "is_staff": false, "is_active": true, "date_joined": "2021-11-01T22:42:34.169Z", "groups": [], "user_permissions": []}}, {"model": "contenttypes.contenttype", "pk": 1, "fields": {"app_label": "admin", "model": "logentry"}}, {"model": "contenttypes.contenttype", "pk": 2, "fields": {"app_label": "auth", "model": "permission"}}, {"model": "contenttypes.contenttype", "pk": 3, "fields": {"app_label": "auth", "model": "group"}}, {"model": "contenttypes.contenttype", "pk": 4, "fields": {"app_label": "auth", "model": "user"}}, {"model": "contenttypes.contenttype", "pk": 5, "fields": {"app_label": "contenttypes", "model": "contenttype"}}, {"model": "contenttypes.contenttype", "pk": 6, "fields": {"app_label": "sessions", "model": "session"}}, {"model": "contenttypes.contenttype", "pk": 7, "fields": {"app_label": "quizapp", "model": "quiz"}}, {"model": "contenttypes.contenttype", "pk": 8, "fields": {"app_label": "quizapp", "model": "question"}}, {"model": "contenttypes.contenttype", "pk": 9, "fields": {"app_label": "quizapp", "model": "images"}}, {"model": "contenttypes.contenttype", "pk": 10, "fields": {"app_label": "quizapp", "model": "answer"}}, {"model": "contenttypes.contenttype", "pk": 11, "fields": {"app_label": "quizapp", "model": "score"}}, {"model": "sessions.session", "pk": "k9sf86lk0aks13iee9oz3xn320uxhc07", "fields": {"session_data": ".eJxVjMEOwiAQRP-FsyELLq549O43NAssUjWQlPZk_HfbpAe9zGHem3mrgZe5DEuXaRiTuiijDr9d4PiUuoH04HpvOrY6T2PQm6J32vWtJXldd_fvoHAv6xqDNwyALtiTRQfnI3kwYCGjkImYiSGghShrWjaJMnl0BJhcImH1-QKmQzbB:1mjhOT:BPA_ndiOJ1kZ76vCVunFIGQV_qxNok2aJqvfj9J-ZFA", "expire_date": "2021-11-21T12:35:29.399Z"}}, {"model": "sessions.session", "pk": "o0kxe5koudga66ltecydf31jhpbulztp", "fields": {"session_data": ".eJxVjMEOwiAQRP-FsyELLq549O43NAssUjWQlPZk_HfbpAe9zGHem3mrgZe5DEuXaRiTuiijDr9d4PiUuoH04HpvOrY6T2PQm6J32vWtJXldd_fvoHAv6xqDNwyALtiTRQfnI3kwYCGjkImYiSGghShrWjaJMnl0BJhcImH1-QKmQzbB:1mlRLl:9_x1Y60VuNpKVvJvu825G28gxFgOXhu7e7TQGEGnp_E", "expire_date": "2021-11-26T07:51:53.228Z"}}, {"model": "sessions.session", "pk": "z4h8zrjuo47qh3tsf9dbamhaj7vc5m22", "fields": {"session_data": ".eJxVjMEOwiAQRP-FsyELLq549O43NAssUjWQlPZk_HfbpAe9zGHem3mrgZe5DEuXaRiTuiijDr9d4PiUuoH04HpvOrY6T2PQm6J32vWtJXldd_fvoHAv6xqDNwyALtiTRQfnI3kwYCGjkImYiSGghShrWjaJMnl0BJhcImH1-QKmQzbB:1mhqMQ:LhOQzw_3LN7wOkCHZc4KTmUElo8va-wFgwrBr7OHlAQ", "expire_date": "2021-11-16T09:45:42.644Z"}}, {"model": "quizapp.quiz", "pk": 1, "fields": {"name": "Types of microscopy", "topic": "microscopy", "number_of_questions": 2, "number_of_images": 12, "time": 2, "required_score_to_pass": 50, "difficulty": "easy"}}, {"model": "quizapp.quiz", "pk": 2, "fields": {"name": "Find the common features", "topic": "component", "number_of_questions": 2, "number_of_images": 6, "time": 2, "required_score_to_pass": 50, "difficulty": "medium"}}, {"model": "quizapp.question", "pk": 1, "fields": {"text": "Which kind of microscopy was used to take the following images ?", "quiz": 1, "points": 1}}, {"model": "quizapp.question", "pk": 2, "fields": {"text": "What kind of microscopy was used to get the following images ?", "quiz": 1, "points": 1}}, {"model": "quizapp.question", "pk": 3, "fields": {"text": "Which feature is common between the images ?", "quiz": 2, "points": 3}}, {"model": "quizapp.question", "pk": 4, "fields": {"text": "Which feature is also common between the images ?", "quiz": 2, "points": 3}}, {"model": "quizapp.images", "pk": 1, "fields": {"image": "images/187_i7e5U9v.jpg", "question": 1, "description": "The image shows a developing Drosophila spermatid immunostained for caspase activity (green). TRITC-phalloidin is used to label actin (red).  Caspase is required in spermiogenesis for the elimination of unwanted organelles and cytoplasm via apoptosis.", "microscopy": "fluorescence microscopy", "cell_type": "spermatid", "component": "cytoplasm", "doi": "doi:10.7295/W9CIL187", "organism": "Drosophila melanogaster"}}, {"model": "quizapp.images", "pk": 2, "fields": {"image": "images/215.jpg", "question": 1, "description": "Zebrafish embryo showing the alignment of cells involved in the formation of the neural tube, which will become the spinal cord and brain.", "microscopy": "fluorescence microscopy", "cell_type": "neural", "component": null, "doi": "doi:10.7295/W9CIL215", "organism": "Danio rerio"}}, {"model": "quizapp.images", "pk": 3, "fields": {"image": "images/219_qdZtdYw.jpg", "question": 1, "description": "This image of endothelial cells from cow lung shows two components of the cytoskeleton, microtubules (green) and actin filaments (red).", "microscopy": "fluorescence microscopy", "cell_type": "endothelial cell", "component": "actin cytoskeleton", "doi": "doi:10.7295/W9CIL219", "organism": "Bos primigenius"}}, {"model": "quizapp.images", "pk": 4, "fields": {"image": "images/221_blyOeBG.jpg", "question": 2, "description": "Red blood cells (erythrocytes). This image of human red blood cells obtained by scanning electron microscopy, revealing their characteristic biconcave shape.", "microscopy": "scanning electron microscopy (SEM)", "cell_type": "erythrocyte", "component": null, "doi": "doi:10.7295/W9CIL221", "organism": "Homo sapiens"}}, {"model": "quizapp.images", "pk": 5, "fields": {"image": "images/1153_RRQKyol.jpg", "question": 2, "description": "The purpose of the dataset C. elegans muscle aging is to deduce the age of the nemathode based on images of muscles.  Images of C. elegans were taken at different chronological ages. This image is part of the day 4 data set. Note that the morphological and chronological ages are not fully correlated due to the variability among individuals even though the individuals are genetically identical. The source for the dataset is Laboratory of Genetics/NIA/NIH.", "microscopy": "fluorescence microscopy", "cell_type": "muscle cell", "component": "actin filament", "doi": "doi:10.7295/W9CIL1153", "organism": "Caenorhabditis elegans"}}, {"model": "quizapp.images", "pk": 6, "fields": {"image": "images/808.jpg", "question": 2, "description": "During hippocampal neuron development in vitro, N-cadherin becomes selectively localized to excitatory synapses. This image shows immunolocalization of the NMDA receptor, which is postsynaptic.  Other images in this image group show immunolocalization of N-cadherin, colocalized at synapses that are also immunopositive for the presynaptic glutamate transporters V-glut 1 and 2. Individual fluorescent images were acquired using a Nikon Diaphot 300 with a 60X objective. Preparation was fixed in 4% paraformaldehyde and permeabilized with .01% TritonX-100.", "microscopy": "fluorescence microscopy", "cell_type": "neuron", "component": "excitatory synapse", "doi": "doi:10.7295/W9CIL808", "organism": "Rattus"}}, {"model": "quizapp.images", "pk": 7, "fields": {"image": "images/9850.jpg", "question": 3, "description": "Immunogold labeled microtubules next to the cytoproct radiate from basal bodies and also from the tip of the cytoproct. These microtubules lie along the approaching spent DV. b-tubulin immunogold labeled TEM image taken on 7/5/96 by R. Allen with Zeiss 10A operating at 80kV. Neg. 12,000X. Bar = 0.5µm. Cells were lightly fixed with 0.25% glutaraldehyde and infiltrated with 2.3M sucrose before being frozen in liquid nitrogen and thin sectioned at a temperature of –100°C at approximately 75nm thickness. Frozen sections from these preparations were then thawed, washed, and exposed to a monoclonal primary antibody that was raised in mice or rabbit/goat and to colloidal gold-complexed goat-anti-mouse/rabbit secondary antibodies. Further details of preparation are detailed in Methods Cell Biol. 2010;96:143-73. The negative was printed to paper and the image was scanned to Photoshop. This digitized image is available for qualitative analysis. An unprocessed, high resolution version of this image (CIL:1307) is in the library and available for quantitative analysis. Additional information available at (http://www5.pbrc.hawaii.edu/allen/).", "microscopy": "transmission electron microscopy (TEM)", "cell_type": "cell by organism", "component": "cell cortex", "doi": "doi:10.7295/W9CIL9850", "organism": "Paramecium tetraurelia"}}, {"model": "quizapp.images", "pk": 8, "fields": {"image": "images/2871.jpg", "question": 3, "description": "A high resolution cross section of a Coleps cilium showing the axoneme consisting of 9 doublet and 2 central microtubules. Doublets have a complete A subfiber and an attached B subfiber. Two dynein arms, outer and inner, extend from the A subfiber. The ciliary membrane with a dense external coat surrounds the ciliary axoneme. The plasma membrane has a glycocalyx composed of the dense coat plus longer filaments. Standard glutaraldehyde fixation followed by osmium tetroxide, dehydrated in alcohol and embedded in an epoxy resin. Microtome sections prepared at approximately 75nm thickness.TEM taken on 5/28/69 by R. Allen with Philips 300 operating at 60kV. Neg. 92,500X. The raw film was scanned with a Nikon Coolscan 9000ED. This is a high resolution image available for quantitative analysis.Additional information available at (http://www5.pbrc.hawaii.edu/allen/).", "microscopy": "detection of electrons", "cell_type": "eukaryotic cell", "component": "axoneme", "doi": "doi:10.7295/W9CIL2871", "organism": "Coleps hirtus"}}, {"model": "quizapp.images", "pk": 9, "fields": {"image": "images/9905.jpg", "question": 3, "description": "An image of the transition from basal bodies to cilia within a portion of one of the oral membranelles of Euplotes. Parasomal sacs occur between the rows of basal bodies although these endocytic ports are not as evident in Euplotes as in other ciliates. Standard glutaraldehyde fixation followed by osmium tetroxide, dehydrated in alcohol and embedded in an epoxy resin. Microtome sections prepared at approximately 75nm thickness. TEM taken on 7/29/67 by R. Allen with Philips 200 operating at 60kV. Neg. 28,000X. Bar = 0.2µm. A print of the negative was scanned and processed in Photoshop. This image is best used for qualitative analysis. A high resolution image (CIL:9706) is available for quantitative analysis. Additional information is available at (http://www5.pbrc.hawaii.edu/allen/).", "microscopy": "detection of electrons", "cell_type": "cell by organism", "component": "axoneme", "doi": "axoneme", "organism": "Euplotes sp."}}, {"model": "quizapp.images", "pk": 10, "fields": {"image": "images/2959.jpg", "question": 4, "description": "Development of the axon and dendritic arbors in cultured hippocampal neurons after 3 days in vitro. MAP2 staining (red) highlights the dendrites, while microtubule staining (green) reveals both the axons and dendrites in the field of view.  Neurons at 2, 3, 5 and 7 days in vitro are represented in this image group.Detailed methods: Embryonic rat hippocampal neurons were prepared as previously described (see Kaech and Banker, 2006, Nat Protoc).  Cells were prepared for fluorescent staining as previously described (Withers and Banker, 1998, in Culturing Nerve Cells, MIT Press).  Briefly, cells were fixed (4% formaldehyde, 4% sucrose in phosphate buffered saline, pH 7.4), permeabilized with 0.25% Triton and immunostained for tubulin (monoclonal DM1A, from Sigma with Alexa 488 conjugated secondary, excitation, 494, emission, 519 [Invitrogen, Molecular Probes]) and MAP2 (polyclonal Ab266, from S. Halpain with d549 conjugated secondary, excitation, 555, emission, 568, Jackson Immunoresearch).  Images were acquired with a Leica DMRA microscope with a 20X (Fluotar, NA 0.5) lens, Photometrics CoolSnap ES CCD camera and MetaMorph software.  Image generated with the MetaMorph color combine function.", "microscopy": "fluorescence microscopy", "cell_type": "neuron", "component": "microtubule cytoskeleton", "doi": "doi:10.7295/W9CIL2959", "organism": "Rattus"}}, {"model": "quizapp.images", "pk": 11, "fields": {"image": "images/220_Ahkw17s.jpg", "question": 4, "description": "Molecules designed to block the expanded CAG repeats characteristic of Huntington\"s disease  fluoresce blue in these cultured cells and  prevent the expression of the mutant proteins that cause the disease.", "microscopy": "fluorescence microscopy", "cell_type": "neuron", "component": null, "doi": "doi:10.7295/W9CIL220", "organism": "Mus musculus"}}, {"model": "quizapp.images", "pk": 12, "fields": {"image": "images/38918.jpg", "question": 4, "description": "Confocal image of a section through a region of the inner ear called the vestibular organ, which is part of a complex arrangement of tubes and chambers that work together to enable us to keep our balance. As our heads move, fluid flows over the hair bundles (red) pushing them backwards and forwards. The nerves (green) connected to the base of the hair cells then send messages to the brain. By interpreting these movements the brain enables us to make any compensating movements and so keep our balance. The cell nuclei are stained blue.", "microscopy": "confocal microscopy", "cell_type": "neuron", "component": "nucleus", "doi": "doi:10.7295/W9CIL38918", "organism": null}}, {"model": "quizapp.answer", "pk": 1, "fields": {"text": "fluorescence microscopy", "correct": true, "question": 1}}, {"model": "quizapp.answer", "pk": 2, "fields": {"text": "scanning electron microscopy (SEM)", "correct": false, "question": 1}}, {"model": "quizapp.answer", "pk": 3, "fields": {"text": "transmission electron microscopy (TEM)", "correct": false, "question": 1}}, {"model": "quizapp.answer", "pk": 4, "fields": {"text": "phase contrast microscopy", "correct": false, "question": 1}}, {"model": "quizapp.answer", "pk": 5, "fields": {"text": "fluorescence microscopy", "correct": true, "question": 2}}, {"model": "quizapp.answer", "pk": 6, "fields": {"text": "scanning electron microscopy (SEM)", "correct": false, "question": 2}}, {"model": "quizapp.answer", "pk": 7, "fields": {"text": "transmission electron microscopy (TEM)", "correct": false, "question": 2}}, {"model": "quizapp.answer", "pk": 8, "fields": {"text": "phase contrast microscopy", "correct": false, "question": 2}}, {"model": "quizapp.answer", "pk": 9, "fields": {"text": "pollen wall", "correct": false, "question": 3}}, {"model": "quizapp.answer", "pk": 10, "fields": {"text": "dendrite", "correct": false, "question": 3}}, {"model": "quizapp.answer", "pk": 11, "fields": {"text": "axoneme", "correct": true, "question": 3}}, {"model": "quizapp.answer", "pk": 12, "fields": {"text": "endoplasmic reticulum", "correct": false, "question": 3}}, {"model": "quizapp.answer", "pk": 13, "fields": {"text": "mitochondrion", "correct": false, "question": 4}}, {"model": "quizapp.answer", "pk": 14, "fields": {"text": "dendrite", "correct": false, "question": 4}}, {"model": "quizapp.answer", "pk": 15, "fields": {"text": "desmosome", "correct": false, "question": 4}}, {"model": "quizapp.answer", "pk": 16, "fields": {"text": "endoplasmic reticulum", "correct": true, "question": 4}}, {"model": "quizapp.score", "pk": 1, "fields": {"quiz": 1, "user": 1, "score": 0}}, {"model": "quizapp.score", "pk": 2, "fields": {"quiz": 1, "user": 1, "score": 0}}, {"model": "quizapp.score", "pk": 3, "fields": {"quiz": 1, "user": 1, "score": 0}}, {"model": "quizapp.score", "pk": 4, "fields": {"quiz": 1, "user": 1, "score": 0}}, {"model": "quizapp.score", "pk": 5, "fields": {"quiz": 1, "user": 1, "score": 0}}, {"model": "quizapp.score", "pk": 6, "fields": {"quiz": 1, "user": 1, "score": 2}}, {"model": "quizapp.score", "pk": 7, "fields": {"quiz": 1, "user": 1, "score": 0}}, {"model": "quizapp.score", "pk": 8, "fields": {"quiz": 1, "user": 1, "score": 2}}, {"model": "quizapp.score", "pk": 9, "fields": {"quiz": 1, "user": 1, "score": 0}}, {"model": "quizapp.score", "pk": 10, "fields": {"quiz": 1, "user": 1, "score": 0}}, {"model": "quizapp.score", "pk": 11, "fields": {"quiz": 1, "user": 1, "score": 2}}, {"model": "quizapp.score", "pk": 12, "fields": {"quiz": 1, "user": 1, "score": 2}}, {"model": "quizapp.score", "pk": 13, "fields": {"quiz": 1, "user": 1, "score": 2}}, {"model": "quizapp.score", "pk": 14, "fields": {"quiz": 1, "user": 1, "score": 2}}, {"model": "quizapp.score", "pk": 15, "fields": {"quiz": 2, "user": 1, "score": 3}}, {"model": "quizapp.score", "pk": 16, "fields": {"quiz": 2, "user": 1, "score": -3}}, {"model": "quizapp.score", "pk": 17, "fields": {"quiz": 2, "user": 1, "score": -3}}, {"model": "quizapp.score", "pk": 18, "fields": {"quiz": 2, "user": 1, "score": 3}}, {"model": "quizapp.score", "pk": 19, "fields": {"quiz": 2, "user": 1, "score": 3}}, {"model": "quizapp.score", "pk": 20, "fields": {"quiz": 2, "user": 1, "score": 3}}, {"model": "quizapp.score", "pk": 21, "fields": {"quiz": 2, "user": 1, "score": 3}}, {"model": "quizapp.score", "pk": 22, "fields": {"quiz": 2, "user": 1, "score": -3}}, {"model": "quizapp.score", "pk": 23, "fields": {"quiz": 2, "user": 1, "score": 6}}, {"model": "quizapp.score", "pk": 24, "fields": {"quiz": 2, "user": 1, "score": 0}}, {"model": "quizapp.score", "pk": 25, "fields": {"quiz": 2, "user": 1, "score": -6}}, {"model": "quizapp.score", "pk": 26, "fields": {"quiz": 2, "user": 1, "score": -6}}, {"model": "quizapp.score", "pk": 27, "fields": {"quiz": 1, "user": 1, "score": -2}}, {"model": "quizapp.score", "pk": 28, "fields": {"quiz": 2, "user": 1, "score": -6}}, {"model": "quizapp.score", "pk": 29, "fields": {"quiz": 1, "user": 1, "score": -2}}, {"model": "quizapp.score", "pk": 30, "fields": {"quiz": 1, "user": 1, "score": 2}}, {"model": "quizapp.score", "pk": 31, "fields": {"quiz": 1, "user": 1, "score": -2}}, {"model": "quizapp.score", "pk": 32, "fields": {"quiz": 1, "user": 1, "score": -2}}, {"model": "quizapp.score", "pk": 33, "fields": {"quiz": 1, "user": 1, "score": 2}}, {"model": "quizapp.score", "pk": 34, "fields": {"quiz": 1, "user": 1, "score": 2}}, {"model": "quizapp.score", "pk": 35, "fields": {"quiz": 1, "user": 1, "score": 2}}, {"model": "quizapp.score", "pk": 36, "fields": {"quiz": 1, "user": 1, "score": 2}}, {"model": "quizapp.score", "pk": 37, "fields": {"quiz": 1, "user": 1, "score": 2}}, {"model": "quizapp.score", "pk": 38, "fields": {"quiz": 1, "user": 1, "score": 2}}, {"model": "quizapp.score", "pk": 39, "fields": {"quiz": 1, "user": 1, "score": 2}}, {"model": "quizapp.score", "pk": 40, "fields": {"quiz": 1, "user": 1, "score": 0}}, {"model": "quizapp.score", "pk": 41, "fields": {"quiz": 1, "user": 1, "score": 0}}, {"model": "quizapp.score", "pk": 42, "fields": {"quiz": 1, "user": 1, "score": 2}}, {"model": "quizapp.score", "pk": 43, "fields": {"quiz": 1, "user": 1, "score": 0}}, {"model": "quizapp.score", "pk": 44, "fields": {"quiz": 1, "user": 1, "score": 0}}, {"model": "quizapp.score", "pk": 45, "fields": {"quiz": 1, "user": 1, "score": 0}}, {"model": "quizapp.score", "pk": 46, "fields": {"quiz": 1, "user": 1, "score": -2}}, {"model": "quizapp.score", "pk": 47, "fields": {"quiz": 1, "user": 1, "score": -2}}, {"model": "quizapp.score", "pk": 48, "fields": {"quiz": 1, "user": 1, "score": -2}}, {"model": "quizapp.score", "pk": 49, "fields": {"quiz": 1, "user": 1, "score": -2}}, {"model": "quizapp.score", "pk": 50, "fields": {"quiz": 1, "user": 1, "score": 2}}, {"model": "quizapp.score", "pk": 51, "fields": {"quiz": 1, "user": 1, "score": 2}}, {"model": "quizapp.score", "pk": 52, "fields": {"quiz": 1, "user": 1, "score": -2}}, {"model": "quizapp.score", "pk": 53, "fields": {"quiz": 1, "user": 1, "score": -2}}, {"model": "quizapp.score", "pk": 54, "fields": {"quiz": 1, "user": 1, "score": -2}}, {"model": "quizapp.score", "pk": 55, "fields": {"quiz": 2, "user": 1, "score": -6}}, {"model": "quizapp.score", "pk": 56, "fields": {"quiz": 2, "user": 1, "score": 6}}, {"model": "quizapp.score", "pk": 57, "fields": {"quiz": 1, "user": 1, "score": 2}}, {"model": "quizapp.score", "pk": 58, "fields": {"quiz": 1, "user": 1, "score": 2}}, {"model": "quizapp.score", "pk": 59, "fields": {"quiz": 2, "user": 1, "score": -6}}, {"model": "quizapp.score", "pk": 60, "fields": {"quiz": 2, "user": 1, "score": 0}}, {"model": "quizapp.score", "pk": 61, "fields": {"quiz": 1, "user": 1, "score": 2}}, {"model": "quizapp.score", "pk": 62, "fields": {"quiz": 1, "user": 1, "score": -2}}, {"model": "quizapp.score", "pk": 63, "fields": {"quiz": 2, "user": 1, "score": 6}}]